"chr","pos","ref","var","p.val","freq.var","sigma2.freq.var","n.tst.fw","cov.tst.fw","n.tst.bw","cov.tst.bw","n.ctrl.fw","cov.ctrl.fw","n.ctrl.bw","cov.ctrl.bw","raw.p.val","Id","mutation","MapQ","Read_pos","Phred","run","Copy_num","Vax","season","Intervention","HAI.Uruguay.preseason","HAI.Uruaguay.30.post.vax","HAI.WI.vax.preseason","HAI.WI.30.post.vax","NAI.WI.vax.preseason","NAI.WI.30.post.vax","HAI.NY.30.post.vax","HAI.WY.30.post.vax","HAI.post.vax","NAI.post.vax","Day.of.Infection.sample.collected","collection_date","total.freq","coding.pos","HAI.geo","HAI.cut","NAI.geo","NAI.cut"
"M",433,"G","A",2.76742958736295e-08,0.0106448514837261,1.86784329812237e-07,364,33618,312,28111,7,18487,3,14167,5.17237886394093e-13,401,"M_G433A",39.9763313609,60.2766272189,37.4068047337,"Run_1412",21700000,FALSE,"04-05","PLACEBO",NA,NA,NA,NA,NA,NA,4,8,8,NA,NA,NA,0.0106448514837261,408,FALSE,FALSE,NA,NA
"M",427,"A","A",3.67137290451631e-20,0.33072572859312,0.0106599390805788,260,366,225.5,333.5,15,19765.5,14.5,14424,6.86186622405114e-25,427,"M_A427A",39.7288865546,63.7393907563,36.86407563025,"2004-2005.Run_1412",1040,TRUE,"04-05","IIV",NA,NA,NA,NA,NA,NA,32,512,512,NA,NA,NA,0.66927427140688,402,TRUE,TRUE,NA,NA
"M",481,"A","G",7.09357701843475e-14,0.455092819808818,0.0102274710426349,103,328,125,361.5,11,18609,11,18179.5,1.32580312096942e-18,427,"M_A481G",39.94372236365,57.2119120997,37.22758944125,"2004-2005.Run_1412",1040,TRUE,"04-05","IIV",NA,NA,NA,NA,NA,NA,32,512,512,NA,NA,NA,0.455092819808818,456,TRUE,TRUE,NA,NA
"M",546,"A","A",5.7144338167552e-14,0.416187005871891,0.0117008321089647,104,314,133.5,366.5,14.5,16844.5,12.5,18834.5,1.06803861706699e-18,427,"M_A546A",35.8447565543,64.1945692884,37.47265917605,"2004-2005.Run_1412",1040,TRUE,"04-05","IIV",NA,NA,NA,NA,NA,NA,32,512,512,NA,NA,NA,0.583812994128109,521,TRUE,TRUE,NA,NA
"M",637,"A","G",1.0514342223696e-13,0.333733613491999,0.00543366680719341,71,243,108,356,4.5,11981,5.5,20634,1.9651506847518e-18,427,"M_A637G",39.8741360089,60.9545150502,37.55273132665,"2004-2005.Run_1412",1040,TRUE,"04-05","IIV",NA,NA,NA,NA,NA,NA,32,512,512,NA,NA,NA,0.333733613491999,612,TRUE,TRUE,NA,NA
"M",658,"A","G",7.56031795908179e-14,0.335673040915536,0.0037892313176262,67,220,106.5,353,5,10301,6.5,20868.5,1.41303789606044e-18,427,"M_A658G",40.15436456995,67.40067394095,37.0780648267,"2004-2005.Run_1412",1040,TRUE,"04-05","IIV",NA,NA,NA,NA,NA,NA,32,512,512,NA,NA,NA,0.335673040915536,633,TRUE,TRUE,NA,NA
"M",232,"C","A",0.000696490595669499,0.208571681559568,0.00137361902310982,80,265,47,160.5,6.5,15973,2,3272,1.30175425326984e-08,427,"M_C232A",38.7253012048,60.10562248995,37.35863453815,"2004-2005.Run_1412",1040,TRUE,"04-05","IIV",NA,NA,NA,NA,NA,NA,32,512,512,NA,NA,NA,0.208571681559568,207,TRUE,TRUE,NA,NA
"M",697,"C","T",1.36440776638817e-13,0.324010607597112,0.00410266715980248,50.5,167,98.5,337,2.5,7259.5,2.5,19909,2.55010422844679e-18,427,"M_C697T",39.0030809859,61.84242957745,37.18133802815,"2004-2005.Run_1412",1040,TRUE,"04-05","IIV",NA,NA,NA,NA,NA,NA,32,512,512,NA,NA,NA,0.324010607597112,672,TRUE,TRUE,NA,NA
"M",680,"G","A",2.13885171202546e-12,0.34070318815056,0.00439123596470536,56.5,191,106,359.5,5.5,8430.5,7.5,20518,3.99755478473659e-17,427,"M_G680A",39.32292797685,61.0836047774,36.8948606587,"2004-2005.Run_1412",1040,TRUE,"04-05","IIV",NA,NA,NA,NA,NA,NA,32,512,512,NA,NA,NA,0.34070318815056,655,TRUE,TRUE,NA,NA
"NP",210,"A","A",5.98710875367398e-26,0.0109466859067791,3.856181968165e-05,22773,22876,8062,8122,4,628,1,251,1.11900208464301e-30,404,"NP_A210A",40.7119621566,53.7700233281,37.373282789,"Run_1412",215000,FALSE,"04-05","PLACEBO",NA,NA,NA,NA,NA,NA,8,256,256,NA,NA,NA,0.989053314093221,165,TRUE,TRUE,NA,NA
"NP",327,"A","A",1.68391149923427e-26,0.010340995208908,2.77938280203547e-05,25230,25444,12158,12232,3,1365,2,489,3.14726282004013e-31,401,"NP_A327A",41.2551564249,58.5258753931,37.1844054789,"Run_1412",21700000,FALSE,"04-05","PLACEBO",NA,NA,NA,NA,NA,NA,4,8,8,NA,NA,NA,0.989659004791092,282,FALSE,FALSE,NA,NA
"NP",327,"A","A",1.3936511182182e-30,0.011943453766736,2.11135994036763e-05,33451,33759,16480,16638,3,1365,2,489,2.60476061269849e-35,404,"NP_A327A",41.0659917735,59.060440877,37.2471546663,"Run_1412",215000,FALSE,"04-05","PLACEBO",NA,NA,NA,NA,NA,NA,8,256,256,NA,NA,NA,0.988056546233264,282,TRUE,TRUE,NA,NA
"NP",327,"A","A",5.5952616074243e-11,0.065883485336463,3.63419222686483e-05,16809.5,17849.5,8471.5,9028.5,5,1654.5,2,546,1.04576510306226e-15,400,"NP_A327A",41.22024554215,58.2453698416,37.19524553665,"2004-2005.Run_1412",13900,TRUE,"04-05","IIV",NA,NA,NA,NA,NA,NA,4096,512,512,NA,NA,NA,0.934116514663537,282,TRUE,TRUE,NA,NA
"NP",327,"A","A",1.4910076767742e-11,0.0173296087767485,4.86537863496039e-05,15443.5,15697.5,6816,6863.5,5,1654.5,2,546,2.78672188392306e-16,406,"NP_A327A",41.4639446891,57.6607158946,37.1208870166,"2004-2005.Run_1412",27300,TRUE,"04-05","LAIV",NA,NA,NA,NA,NA,NA,8,128,128,NA,NA,NA,0.982670391223252,282,TRUE,TRUE,NA,NA
"NP",408,"C","C",1.90842295119547e-13,0.414463439164057,2.37764319879937e-05,9813,17319.5,5939.5,10144.5,0.5,2015,2,851,3.56687902062551e-18,406,"NP_C408C",41.43718217755,58.7132548749,37.0866327341,"2004-2005.Run_1412",27300,TRUE,"04-05","LAIV",NA,NA,NA,NA,NA,NA,8,128,128,NA,NA,NA,0.585536560835943,363,TRUE,TRUE,NA,NA
"NP",327,"A","A",2.64759847727424e-13,0.0254226249039995,0.00887056498666529,701.5,708,272,275,5,1654.5,2,546,4.94841222576675e-18,426,"NP_A327A",38.5464570304,61.2072739494,36.7594735714,"2004-2005.Run_1412",1220,TRUE,"04-05","LAIV",NA,NA,NA,NA,NA,NA,4,64,64,NA,NA,NA,0.974577375096001,282,TRUE,TRUE,NA,NA
"NP",327,"A","A",0.000176825553113845,0.026240070494406,0.0192652958973997,200,202.5,131,131.5,5,1654.5,2,546,3.30490342990889e-09,427,"NP_A327A",35.08024961,59.3711700468,36.8670202808,"2004-2005.Run_1412",1040,TRUE,"04-05","IIV",NA,NA,NA,NA,NA,NA,32,512,512,NA,NA,NA,0.973759929505594,282,TRUE,TRUE,NA,NA
"NR",108,"T","C",0.000338923398902087,0.0188650296953828,2.92805394151472e-06,106,5156,23,1555,2,4682,0,918,6.33454319120228e-09,401,"NR_T108C",35.6201550388,60.0697674419,37.023255814,"Run_1412",21700000,FALSE,"04-05","PLACEBO",NA,NA,NA,NA,NA,NA,4,8,8,NA,NA,NA,0.0188650296953828,89,FALSE,FALSE,NA,NA
"NR",895,"G","G",3.18657050695499e-14,0.22603125224988,2.54797745463115e-05,23216,23264,25154,25194,4636,20811,5664,25127,5.95576126449423e-19,401,"NR_G895G",41.3664483336,65.5340207038,37.430191954,"Run_1412",21700000,FALSE,"04-05","PLACEBO",NA,NA,NA,NA,NA,NA,4,8,8,NA,NA,NA,0.77396874775012,876,FALSE,FALSE,NA,NA
"NR",895,"G","G",5.73436881455971e-14,0.226425172458641,2.19741722153841e-05,27766,27817,30478,30556,4636,20811,5664,25127,1.07176450630975e-18,404,"NR_G895G",41.1853892092,65.0168348435,37.4470242998,"Run_1412",215000,FALSE,"04-05","PLACEBO",NA,NA,NA,NA,NA,NA,8,256,256,NA,NA,NA,0.773574827541359,876,TRUE,TRUE,NA,NA
"NR",895,"G","G",7.63882058505647e-09,0.227498345892383,4.07647671038165e-05,13510.5,13535,14119.5,14147.5,4995.5,22138.5,5859,25964,1.42771018709938e-13,400,"NR_G895G",41.51381821405,65.2916384727,37.4168195383,"2004-2005.Run_1412",13900,TRUE,"04-05","IIV",NA,NA,NA,NA,NA,NA,4096,512,512,NA,NA,NA,0.772501654107617,876,TRUE,TRUE,NA,NA
"NR",895,"G","G",1.7879828241279e-15,0.227001599953709,3.32294041834742e-05,16672.5,16700,18406,18428,4995.5,22138.5,5859,25964,3.34177411806201e-20,402,"NR_G895G",41.7460553383,65.11941852635,37.383461133,"2004-2005.Run_1412",27300,TRUE,"04-05","LAIV",NA,NA,NA,NA,NA,NA,8,64,64,NA,NA,NA,0.772998400046291,876,TRUE,TRUE,NA,NA
"NR",895,"G","G",6.92158876999642e-07,0.227657139372892,4.06390213161906e-05,13158.5,13187,14592,14622,4995.5,22138.5,5859,25964,1.29365818817218e-11,403,"NR_G895G",41.58048276215,65.47712114035,37.40323778055,"2004-2005.Run_1412",40500,TRUE,"04-05","LAIV",NA,NA,NA,NA,NA,NA,4,256,256,NA,NA,NA,0.772342860627108,876,TRUE,TRUE,NA,NA
"NR",895,"G","G",9.24803530965922e-12,0.227845559270766,4.64496419778948e-05,11992,12018,13406,13431.5,4995.5,22138.5,5859,25964,1.72847549896442e-16,406,"NR_G895G",41.7448722762,65.24266695185,37.3726649066,"2004-2005.Run_1412",27300,TRUE,"04-05","LAIV",NA,NA,NA,NA,NA,NA,8,128,128,NA,NA,NA,0.772154440729234,876,TRUE,TRUE,NA,NA
"NR",895,"G","G",5.45195897829683e-11,0.227026593940154,0.000118590198062233,5762.5,5771,6198.5,6207.5,4995.5,22138.5,5859,25964,1.01898156741493e-15,409,"NR_G895G",41.7230577999,65.8017395335,37.2836101712,"2004-2005.Run_1412",2240,TRUE,"04-05","IIV",NA,NA,NA,NA,NA,NA,16,128,128,NA,NA,NA,0.772973406059846,876,TRUE,TRUE,NA,NA
"NR",680,"G","G",9.64622196978385e-39,0.0157833597551785,0.000171449495781534,10947.5,11122,11095.5,11283.5,5.5,26191.5,4.5,26670.5,1.80289734782144e-43,414,"NR_G680G",41.2848860598,59.95058278015,37.44366564635,"2004-2005.Run_1412",34700,FALSE,"04-05","PLACEBO",NA,NA,NA,NA,NA,NA,NA,NA,NA,NA,NA,NA,0.984216640244822,661,NA,NA,NA,NA
"NR",895,"G","G",4.74904846033386e-11,0.227889044413292,0.000192599651168172,10084,10100.5,10852.5,10868.5,4995.5,22138.5,5859,25964,8.8760624632436e-16,414,"NR_G895G",41.62064402455,64.90114179645,37.38040800255,"2004-2005.Run_1412",34700,FALSE,"04-05","PLACEBO",NA,NA,NA,NA,NA,NA,NA,NA,NA,NA,NA,NA,0.772110955586708,876,NA,NA,NA,NA
"NR",895,"G","G",0.000369268877448353,0.226566752863543,0.0145337203984028,510,511,531,532,4995.5,22138.5,5859,25964,6.9017059929791e-09,426,"NR_G895G",38.4913811152,66.86198618185,37.16010189125,"2004-2005.Run_1412",1220,TRUE,"04-05","LAIV",NA,NA,NA,NA,NA,NA,4,64,64,NA,NA,NA,0.773433247136457,876,TRUE,TRUE,NA,NA
"NR",853,"C","T",4.04031672767016e-14,0.368796212103215,0.00923855392358071,43.5,112,37,96.5,2.5,24371.5,5.5,26193,7.55142929065145e-19,427,"NR_C853T",41.49025974025,56.47077922075,37.5844155844,"2004-2005.Run_1412",1040,TRUE,"04-05","IIV",NA,NA,NA,NA,NA,NA,32,512,512,NA,NA,NA,0.368796212103215,834,TRUE,TRUE,NA,NA
"NR",296,"G","G",1.49742923315325e-19,0.38223448715729,0.0379055152117101,30,66.5,35.5,85,4.5,23703.5,2.5,6994.5,2.7987238956961e-24,427,"NR_G296G",32.59836065575,51.83652094715,37.01183970855,"2004-2005.Run_1412",1040,TRUE,"04-05","IIV",NA,NA,NA,NA,NA,NA,32,512,512,NA,NA,NA,0.61776551284271,277,TRUE,TRUE,NA,NA
"NS",681,"A","A",1.42670325958214e-05,0.390329604947578,0.00701493026537935,56,65,42,44,3,3814,9.5,21166,2.66653569748455e-10,427,"NS_A681A",41.9447368421,67.54385964915,36.9394736842,"2004-2005.Run_1412",1040,TRUE,"04-05","IIV",NA,NA,NA,NA,NA,NA,32,512,512,NA,NA,NA,0.609670395052422,655,TRUE,TRUE,NA,NA
"PA",991,"G","A",4.34796475161092e-13,0.0201777741528618,6.7890809870557e-07,311,15583,306,14693,2,17883,5,16873,8.1264293353972e-18,401,"PA_G991A",41.7198067633,61.6892109501,37.2254428341,"Run_1412",21700000,FALSE,"04-05","PLACEBO",NA,NA,NA,NA,NA,NA,4,8,8,NA,NA,NA,0.0201777741528618,967,FALSE,FALSE,NA,NA
"PA",1620,"A","G",1.29581361242699e-11,0.0161758944245583,5.24224963570201e-07,243,15611,275,16008,2,16033,5,17839,2.42190044188657e-16,401,"PA_A1620G",41.2162162162,64.305019305,37.4208494208,"Run_1412",21700000,FALSE,"04-05","PLACEBO",NA,NA,NA,NA,NA,NA,4,8,8,NA,NA,NA,0.0161758944245583,1596,FALSE,FALSE,NA,NA
"PA",1827,"G","A",4.58998306244188e-09,0.0152958088131106,6.02725223820824e-07,157,9980,253,16345,4,7372,3,17741,8.57876619026965e-14,401,"PA_G1827A",41.5365853659,64.7268292683,37.4682926829,"Run_1412",21700000,FALSE,"04-05","PLACEBO",NA,NA,NA,NA,NA,NA,4,8,8,NA,NA,NA,0.0152958088131106,1803,FALSE,FALSE,NA,NA
"PA",1581,"C","C",2.7398304620266e-43,0.210428642238385,1.76715219334504e-05,17754,22614,17568,22105,4,16899,6,17086,5.12079557047437e-48,404,"PA_C1581C",41.4648070612,63.0290539776,37.3684225416,"Run_1412",215000,FALSE,"04-05","PLACEBO",NA,NA,NA,NA,NA,NA,8,256,256,NA,NA,NA,0.789571357761615,1557,TRUE,TRUE,NA,NA
"PA",1948,"G","G",7.0641953691715e-35,0.0138963137417135,9.72697828967529e-05,3168,3225,7976,8078,3,2859,2,15130.5,1.32031163448929e-39,406,"PA_G1948G",40.1467430028,67.86631329185,37.383305553,"2004-2005.Run_1412",27300,TRUE,"04-05","LAIV",NA,NA,NA,NA,NA,NA,8,128,128,NA,NA,NA,0.986103686258286,1924,TRUE,TRUE,NA,NA
"PA",1804,"A","G",1.99181515324838e-08,0.141107888780169,7.26563238994814e-06,975,7487,1780,12242.5,2.5,9539.5,4.5,19360.5,3.72274064228541e-13,414,"PA_A1804G",40.0411526007,65.7548254402,37.34319975715,"2004-2005.Run_1412",34700,FALSE,"04-05","PLACEBO",NA,NA,NA,NA,NA,NA,NA,NA,NA,NA,NA,NA,0.141107888780169,1780,NA,NA,NA,NA
"PA",276,"G","G",1.67702023704354e-16,0.0251472675954875,7.29427280853755e-05,9790.5,10036,3467.5,3576,7,15019.5,1.5,3287.5,3.13438291911546e-21,414,"PA_G276G",40.28596388555,56.61620069655,37.49536413775,"2004-2005.Run_1412",34700,FALSE,"04-05","PLACEBO",NA,NA,NA,NA,NA,NA,NA,NA,NA,NA,NA,NA,0.974852732404512,252,NA,NA,NA,NA
"PA",821,"G","A",1.06824953297172e-21,0.168711074078148,0.000110007160169131,169,1231,133,1100.5,0.5,19466,3.5,18068,1.99657882209128e-26,426,"PA_G821A",41.9684054283,61.4456051069,37.2402794518,"2004-2005.Run_1412",1220,TRUE,"04-05","LAIV",NA,NA,NA,NA,NA,NA,4,64,64,NA,NA,NA,0.168711074078148,797,TRUE,TRUE,NA,NA
"PA",1122,"A","G",3.90971570621029e-09,0.382253950913914,0.00050300217986336,154.5,320,140.5,291,3.5,20540,5,19683.5,7.3073334820019e-14,427,"PA_A1122G",36.89521329365,52.81795634925,37.0040922619,"2004-2005.Run_1412",1040,TRUE,"04-05","IIV",NA,NA,NA,NA,NA,NA,32,512,512,NA,NA,NA,0.382253950913914,1098,TRUE,TRUE,NA,NA
"PA",1285,"A","G",5.75655202469785e-10,0.37715136070956,0.000478993517447711,156.5,310.5,147.5,301,1.5,19039,5.5,19393.5,1.07591059074048e-14,427,"PA_A1285G",39.7961861668,60.4893988365,37.66153846155,"2004-2005.Run_1412",1040,TRUE,"04-05","IIV",NA,NA,NA,NA,NA,NA,32,512,512,NA,NA,NA,0.37715136070956,1261,TRUE,TRUE,NA,NA
"PA",396,"A","G",0.000202910224054167,0.36811314034086,0.000658662412735548,120,284.5,87.5,193.5,9,18205,5.5,9908.5,3.79243092206503e-09,427,"PA_A396G",37.6936026936,60.6822671156,37.2647586981,"2004-2005.Run_1412",1040,TRUE,"04-05","IIV",NA,NA,NA,NA,NA,NA,32,512,512,NA,NA,NA,0.36811314034086,372,TRUE,TRUE,NA,NA
"PA",435,"A","G",0.000176909663997609,0.347783370309705,0.000627838391993797,110,280.5,83.5,203,4.5,19315,1.5,11529,3.30647547842421e-09,427,"PA_A435G",40.3787745529,67.01392553505,36.72969803575,"2004-2005.Run_1412",1040,TRUE,"04-05","IIV",NA,NA,NA,NA,NA,NA,32,512,512,NA,NA,NA,0.347783370309705,411,TRUE,TRUE,NA,NA
"PA",540,"A","G",0.00029601646939056,0.393670922377448,0.000521231281783249,191.5,371.5,108.5,235.5,6,19074,2,15939,5.5326044667793e-09,427,"PA_A540G",38.9208754209,48.0294612795,37.547979798,"2004-2005.Run_1412",1040,TRUE,"04-05","IIV",NA,NA,NA,NA,NA,NA,32,512,512,NA,NA,NA,0.393670922377448,516,TRUE,TRUE,NA,NA
"PA",549,"A","G",1.42660711615103e-07,0.390367959993329,0.000504528613828324,190.5,362,115,251,3,18757.5,1.5,16355.5,2.66635600357176e-12,427,"PA_A549G",38.9767886855,51.69816971715,37.2629783694,"2004-2005.Run_1412",1040,TRUE,"04-05","IIV",NA,NA,NA,NA,NA,NA,32,512,512,NA,NA,NA,0.390367959993329,525,TRUE,TRUE,NA,NA
"PA",790,"A","C",1.27725245228849e-08,0.370478259914637,0.000523212959998616,120,265,146,300,0.5,18056.5,4,18292,2.38720927835019e-13,427,"PA_A790C",39.9610888152,68.6983946955,37.13051823415,"2004-2005.Run_1412",1040,TRUE,"04-05","IIV",NA,NA,NA,NA,NA,NA,32,512,512,NA,NA,NA,0.370478259914637,766,TRUE,TRUE,NA,NA
"PA",1086,"C","T",1.08422541932068e-07,0.378687936723946,0.000556241493622818,147,294,115,246.5,6.5,19744,3,18099,2.02643805943609e-12,427,"PA_C1086T",40.1041226216,57.04739252995,36.35579633545,"2004-2005.Run_1412",1040,TRUE,"04-05","IIV",NA,NA,NA,NA,NA,NA,32,512,512,NA,NA,NA,0.378687936723946,1062,TRUE,TRUE,NA,NA
"PA",1170,"C","A",8.4577814319856e-17,0.391745172102784,0.000532814699938027,146,297,149,303,3,18913.5,4,19411,1.58077553677961e-21,427,"PA_C1170A",38.96027702595,58.79839993635,37.5457729661,"2004-2005.Run_1412",1040,TRUE,"04-05","IIV",NA,NA,NA,NA,NA,NA,32,512,512,NA,NA,NA,0.391745172102784,1146,TRUE,TRUE,NA,NA
"PA",369,"C","C",1.8756627510166e-21,0.366385885902461,0.00168165122612075,144.5,260,104,186.5,5.5,18087.5,2.5,8250,3.50564957950173e-26,427,"PA_C369C",38.0543044911,61.77191385555,37.03195827495,"2004-2005.Run_1412",1040,TRUE,"04-05","IIV",NA,NA,NA,NA,NA,NA,32,512,512,NA,NA,NA,0.63361411409754,345,TRUE,TRUE,NA,NA
"PA",333,"G","G",1.76812465142586e-20,0.354659735921723,0.00176122513377069,142,247.5,103.5,183,4,17084.5,1.5,6317.5,3.30465881322117e-25,427,"PA_G333G",36.73800197715,61.09694477085,37.34962602355,"2004-2005.Run_1412",1040,TRUE,"04-05","IIV",NA,NA,NA,NA,NA,NA,32,512,512,NA,NA,NA,0.645340264078277,309,TRUE,TRUE,NA,NA
"PA",1333,"T","C",3.47955502813958e-10,0.385354167365216,0.000499172742936218,155,297.5,150.5,306,5.5,18119.5,3,19696,6.50335494194745e-15,427,"PA_T1333C",37.97852348995,64.1230425056,37.32041387025,"2004-2005.Run_1412",1040,TRUE,"04-05","IIV",NA,NA,NA,NA,NA,NA,32,512,512,NA,NA,NA,0.385354167365216,1309,TRUE,TRUE,NA,NA
"PA",1422,"T","C",7.37838816272e-11,0.375299773083019,0.000467990815335304,160,331,147,305,1.5,19389.5,4.5,18889,1.37903486892942e-15,427,"PA_T1422C",38.9694490818,59.74557595995,37.0452977184,"2004-2005.Run_1412",1040,TRUE,"04-05","IIV",NA,NA,NA,NA,NA,NA,32,512,512,NA,NA,NA,0.375299773083019,1398,TRUE,TRUE,NA,NA
"PA",324,"T","T",8.52671264228915e-21,0.346132013330998,0.00176439130501602,141,248,111,187,1.5,16972,0,5759.5,1.5936589119111e-25,427,"PA_T324T",36.42462874755,60.0170916223,37.3103810591,"2004-2005.Run_1412",1040,TRUE,"04-05","IIV",NA,NA,NA,NA,NA,NA,32,512,512,NA,NA,NA,0.653867986669001,300,TRUE,TRUE,NA,NA
"PA",438,"T","T",8.66414971898345e-26,0.35904287960495,0.00150900103687545,161.5,269,117,208,4.5,19016,2.5,11534,1.61934616458273e-30,427,"PA_T438T",40.90862260025,60.2451031777,37.2692503519,"2004-2005.Run_1412",1040,TRUE,"04-05","IIV",NA,NA,NA,NA,NA,NA,32,512,512,NA,NA,NA,0.64095712039505,414,TRUE,TRUE,NA,NA
"PA",465,"T","T",3.0526309074744e-27,0.366884429554401,0.00149011509588154,158,254.5,116,217.5,3,19329.5,2,12024.5,5.7054255896277e-32,427,"PA_T465T",41.48869378875,64.1098317661,37.3370434338,"2004-2005.Run_1412",1040,TRUE,"04-05","IIV",NA,NA,NA,NA,NA,NA,32,512,512,NA,NA,NA,0.6331155704456,441,TRUE,TRUE,NA,NA
"PA",646,"T","A",1.04181256198224e-12,0.376007085581567,0.000580432061948393,129,281,118.5,257.5,4,19632,2.5,15907.5,1.94716761734119e-17,427,"PA_T646A",40.772210624,54.8258524704,37.27627000695,"2004-2005.Run_1412",1040,TRUE,"04-05","IIV",NA,NA,NA,NA,NA,NA,32,512,512,NA,NA,NA,0.376007085581567,622,TRUE,TRUE,NA,NA
"PA",837,"T","G",5.3663871733862e-06,0.37202239976149,0.000493391687974269,132,283,152.5,304,0.5,20253,3.5,18192,1.00298803330334e-10,427,"PA_T837G",39.70853174605,56.29771825395,37.61319444445,"2004-2005.Run_1412",1040,TRUE,"04-05","IIV",NA,NA,NA,NA,NA,NA,32,512,512,NA,NA,NA,0.37202239976149,813,TRUE,TRUE,NA,NA
"PA",930,"T","C",4.59615165426300e-09,0.383338727344456,0.000538601407121222,138.5,271,138.5,300.5,4.5,18503.5,1.5,19988,8.5902954064425e-14,427,"PA_T930C",41.41916678515,69.16443907295,37.33612967435,"2004-2005.Run_1412",1040,TRUE,"04-05","IIV",NA,NA,NA,NA,NA,NA,32,512,512,NA,NA,NA,0.383338727344456,906,TRUE,TRUE,NA,NA
"PB1",1314,"A","G",4.57226594170645e-11,0.0183567956770935,8.34582366146127e-07,202,11320,213,11093,2,9940,1,8899,8.5456525525315e-16,401,"PB1_A1314G",40.7518072289,64.8771084337,37.4240963855,"Run_1412",21700000,FALSE,"04-05","PLACEBO",NA,NA,NA,NA,NA,NA,4,8,8,NA,NA,NA,0.0183567956770935,1290,FALSE,FALSE,NA,NA
"PB1",918,"T","T",7.11535106807937e-17,0.461322793587877,5.11712827479256e-05,3378.5,6437.5,2987,5804.5,1,11176,0.5,11968,1.32987273252081e-21,400,"PB1_T918T",41.2448056845,62.88733308375,37.4333495447,"2004-2005.Run_1412",13900,TRUE,"04-05","IIV",NA,NA,NA,NA,NA,NA,4096,512,512,NA,NA,NA,0.538677206412123,894,TRUE,TRUE,NA,NA
"PB1",2034,"G","G",2.40597169875088e-27,0.376630672592733,4.92433664499666e-05,2029,3157.5,6404.5,9608.5,0.5,2102,0,9333,4.49680715227063e-32,402,"PB1_G2034G",41.6163497858,67.95946570435,37.3584260532,"2004-2005.Run_1412",27300,TRUE,"04-05","LAIV",NA,NA,NA,NA,NA,NA,8,64,64,NA,NA,NA,0.623369327407267,2010,TRUE,TRUE,NA,NA
"PB1",685,"G","T",1.68800383798921e-19,0.159045193796333,8.1602611431762e-06,1891,11689.5,1700,10487,2.5,12991,2,10255.5,3.15491147949539e-24,402,"PB1_G685T",41.7463548668,62.5309816533,37.14561088155,"2004-2005.Run_1412",27300,TRUE,"04-05","LAIV",NA,NA,NA,NA,NA,NA,8,64,64,NA,NA,NA,0.159045193796333,661,TRUE,TRUE,NA,NA
"PB1",1394,"A","A",6.97881453224478e-30,0.032107137672362,0.00011165328655699,5430,5512.5,3457,3507,377.5,10895.5,9.5,11890,1.30435379265939e-34,403,"PB1_A1394A",39.65184154785,46.98221295875,36.3928121742,"2004-2005.Run_1412",40500,TRUE,"04-05","LAIV",NA,NA,NA,NA,NA,NA,4,256,256,NA,NA,NA,0.967892862327638,1370,TRUE,TRUE,NA,NA
"PB1",1604,"T","G",5.07501083511859e-07,0.0429684665516537,2.86839083639584e-06,328,6840,328,8227.5,4,9200.5,1.5,11494.5,9.4852923802306e-12,406,"PB1_T1604G",41.37267006975,62.77998186955,37.21201456255,"2004-2005.Run_1412",27300,TRUE,"04-05","LAIV",NA,NA,NA,NA,NA,NA,8,128,128,NA,NA,NA,0.0429684665516537,1580,TRUE,TRUE,NA,NA
"PB1",1394,"A","A",1.40596669954433e-15,0.028566429985694,6.37085841853119e-05,9219.5,9322.5,7389.5,7455.5,377.5,10895.5,9.5,11890,2.62777866990193e-20,414,"PB1_A1394A",40.3096990276,53.1506773762,36.72865531035,"2004-2005.Run_1412",34700,FALSE,"04-05","PLACEBO",NA,NA,NA,NA,NA,NA,NA,NA,NA,NA,NA,NA,0.971433570014306,1370,NA,NA,NA,NA
"PB1",1077,"A","A",4.67564563902844e-17,0.126431746182991,0.0404942088272312,229,241.5,229.5,243,6,11415,2.5,11849,8.7388711853851e-22,427,"PB1_A1077A",41.82201533405,58.7019441402,37.433118839,"2004-2005.Run_1412",1040,TRUE,"04-05","IIV",NA,NA,NA,NA,NA,NA,32,512,512,NA,NA,NA,0.873568253817009,1053,TRUE,TRUE,NA,NA
"PB1",1119,"A","A",7.89112007364111e-25,0.105400367255765,0.0330478219551686,221,233,226.5,242,1.5,11284,3,11760.5,1.47486544438568e-29,427,"PB1_A1119A",41.8305084746,63.3859270673,37.3218798151,"2004-2005.Run_1412",1040,TRUE,"04-05","IIV",NA,NA,NA,NA,NA,NA,32,512,512,NA,NA,NA,0.894599632744235,1095,TRUE,TRUE,NA,NA
"PB1",1503,"A","A",9.5642454517392e-36,0.0754443149867655,0.0240264195521442,250.5,262.5,232,243.5,1.5,12749.5,2,11302,1.78757577970605e-40,427,"PB1_A1503A",39.50630914825,64.28811777075,36.6119873817,"2004-2005.Run_1412",1040,TRUE,"04-05","IIV",NA,NA,NA,NA,NA,NA,32,512,512,NA,NA,NA,0.924555685013234,1479,TRUE,TRUE,NA,NA
"PB1",1977,"A","A",6.11285966714355e-30,0.09661470773849,0.0229231228943073,109.5,112,204,214,2,3772,2,9813.5,1.14250517104208e-34,427,"PB1_A1977A",41.7304623568,62.52761865795,36.7716346154,"2004-2005.Run_1412",1040,TRUE,"04-05","IIV",NA,NA,NA,NA,NA,NA,32,512,512,NA,NA,NA,0.90338529226151,1953,TRUE,TRUE,NA,NA
"PB1",2094,"A","A",5.64232646362979e-20,0.144855945819435,0.0204403475772026,69,72,164,169.5,1.5,898,1,6963,1.05456161476335e-24,427,"PB1_A2094A",40.2281921618,67.6701959545,37.4225663717,"2004-2005.Run_1412",1040,TRUE,"04-05","IIV",NA,NA,NA,NA,NA,NA,32,512,512,NA,NA,NA,0.855144054180565,2070,TRUE,TRUE,NA,NA
"PB1",372,"A","A",6.54760862337888e-29,0.0445221130989385,0.0233124221259374,220,230.5,151,156.5,0.5,10152,1,3586.5,1.22376058301788e-33,427,"PB1_A372A",37.1281570639,66.07172454615,36.86243751645,"2004-2005.Run_1412",1040,TRUE,"04-05","IIV",NA,NA,NA,NA,NA,NA,32,512,512,NA,NA,NA,0.955477886901062,348,TRUE,TRUE,NA,NA
"PB1",600,"A","A",3.867446274857e-12,0.172422397589423,0.0355920418180414,221.5,232.5,168.5,176.5,9,12372.5,8,9219.5,7.22833110581825e-17,427,"PB1_A600A",41.73618554795,59.08260949915,36.87165034185,"2004-2005.Run_1412",1040,TRUE,"04-05","IIV",NA,NA,NA,NA,NA,NA,32,512,512,NA,NA,NA,0.827577602410577,576,TRUE,TRUE,NA,NA
"PB1",684,"A","G",0.00111090243439193,0.147184974319761,0.0104408571905967,12.5,248,10,224,5,13068.5,3.5,10180,2.07629791116913e-08,427,"PB1_A684G",42,66.4523809524,36.5119047619,"2004-2005.Run_1412",1040,TRUE,"04-05","IIV",NA,NA,NA,NA,NA,NA,32,512,512,NA,NA,NA,0.147184974319761,660,TRUE,TRUE,NA,NA
"PB1",1131,"C","C",3.73237547836437e-19,0.117264148678213,0.0377041647683824,222,233,219.5,233.5,5,10950.5,2,10925.5,6.9758812020865e-24,427,"PB1_C1131C",41.812,66.45142857145,37.44431746035,"2004-2005.Run_1412",1040,TRUE,"04-05","IIV",NA,NA,NA,NA,NA,NA,32,512,512,NA,NA,NA,0.882735851321786,1107,TRUE,TRUE,NA,NA
"PB1",1686,"C","C",1.0587605715448e-14,0.238872329631973,0.0209229466164179,219.5,234,224,235,2,10584,3,10974.5,1.97884377157746e-19,427,"PB1_C1686C",41.4452947846,64.9107142857,37.09523809525,"2004-2005.Run_1412",1040,TRUE,"04-05","IIV",NA,NA,NA,NA,NA,NA,32,512,512,NA,NA,NA,0.761127670368027,1662,TRUE,TRUE,NA,NA
"PB1",1833,"C","C",1.30766381502609e-31,0.143534041486326,0.0186911713614284,191.5,201,227.5,241.5,0.5,7799,3,11530,2.44404869734242e-36,427,"PB1_C1833C",40.0273769745,62.57275212635,37.2001442892,"2004-2005.Run_1412",1040,TRUE,"04-05","IIV",NA,NA,NA,NA,NA,NA,32,512,512,NA,NA,NA,0.856465958513674,1809,TRUE,TRUE,NA,NA
"PB1",487,"C","C",3.45176924308439e-29,0.0573343092676959,0.0317370803493787,221,232.5,148.5,155.5,3.5,11214.5,2.5,5976.5,6.45142277789397e-34,427,"PB1_C487C",41.78434065935,61.72046703295,36.55082417585,"2004-2005.Run_1412",1040,TRUE,"04-05","IIV",NA,NA,NA,NA,NA,NA,32,512,512,NA,NA,NA,0.942665690732304,463,TRUE,TRUE,NA,NA
"PB1",1242,"G","G",1.28000365461264e-20,0.070728077137287,0.0455037051905467,222,231,239,250,2,11637.5,3.5,10906,2.39235132814864e-25,427,"PB1_G1242G",41.87897042715,73.184495558,37.29402458315,"2004-2005.Run_1412",1040,TRUE,"04-05","IIV",NA,NA,NA,NA,NA,NA,32,512,512,NA,NA,NA,0.929271922862713,1218,TRUE,TRUE,NA,NA
"PB1",258,"G","G",7.32742215744457e-21,0.139688914663479,0.0190288296662311,147,153.5,120,127,2,6823.5,0,1142.5,1.36950922500086e-25,427,"PB1_G258G",34.0854247104,49.7006515444,37.20789092665,"2004-2005.Run_1412",1040,TRUE,"04-05","IIV",NA,NA,NA,NA,NA,NA,32,512,512,NA,NA,NA,0.860311085336521,234,TRUE,TRUE,NA,NA
"PB1",1551,"T","T",2.36827020215177e-28,0.107200639100343,0.0247498312977935,227,235.5,218.5,228.5,3.5,11718,3,10592,4.42634233356715e-33,427,"PB1_T1551T",41.49357305565,62.43914741295,36.94500488125,"2004-2005.Run_1412",1040,TRUE,"04-05","IIV",NA,NA,NA,NA,NA,NA,32,512,512,NA,NA,NA,0.892799360899657,1527,TRUE,TRUE,NA,NA
"PB1",1695,"T","T",4.80438978429872e-20,0.164265498634383,0.0260159000491982,231,244,227.5,236.5,2.5,10595.5,3.5,11015,8.97949645689805e-25,427,"PB1_T1695T",41.37607497245,68.10633958105,36.7152149945,"2004-2005.Run_1412",1040,TRUE,"04-05","IIV",NA,NA,NA,NA,NA,NA,32,512,512,NA,NA,NA,0.835734501365617,1671,TRUE,TRUE,NA,NA
"PB1",675,"T","T",4.9704432181356e-14,0.204090109046333,0.029479494883106,222.5,235.5,193.5,201.5,4,12426,1.5,9134,9.2898535027953e-19,427,"PB1_T675T",41.90314769975,67.1640435835,36.6083535109,"2004-2005.Run_1412",1040,TRUE,"04-05","IIV",NA,NA,NA,NA,NA,NA,32,512,512,NA,NA,NA,0.795909890953667,651,TRUE,TRUE,NA,NA
"PB2",2013,"T","A",7.80833512368533e-15,0.0290129748451951,9.01051988272712e-07,321,11730,630,20905,0,3598,2,12086,1.45939277879884e-19,404,"PB2_T2013A",41.2195378151,67.0651260504,37.5346638655,"Run_1412",215000,FALSE,"04-05","PLACEBO",NA,NA,NA,NA,NA,NA,8,256,256,NA,NA,NA,0.0290129748451951,1986,TRUE,TRUE,NA,NA
"PB2",489,"C","T",6.2055942300273e-14,0.0211649531037687,8.39404050455479e-07,267,13651,273,11764,1,14402,1,9887,1.15983743832747e-18,401,"PB2_C489T",40.7929759704,64.5341959335,37.4935304991,"Run_1412",21700000,FALSE,"04-05","PLACEBO",NA,NA,NA,NA,NA,NA,4,8,8,NA,NA,NA,0.0211649531037687,462,FALSE,FALSE,NA,NA
"PB2",897,"C","A",8.29027322794621e-10,0.0163928066510854,6.5045534597639e-07,226,13251,210,12867,5,13290,3,13318,1.54946793285478e-14,401,"PB2_C897A",40.7683486239,62.9243119266,37.1788990826,"Run_1412",21700000,FALSE,"04-05","PLACEBO",NA,NA,NA,NA,NA,NA,4,8,8,NA,NA,NA,0.0163928066510854,870,FALSE,FALSE,NA,NA
"PB2",1542,"G","G",4.42938425172534e-13,0.25757385005809,4.59682316339831e-05,13216,13241,13888,13918,3423,13075,3658,14634,8.27860393937901e-18,401,"PB2_G1542G",41.6632378424,63.0606127641,37.3602846293,"Run_1412",21700000,FALSE,"04-05","PLACEBO",NA,NA,NA,NA,NA,NA,4,8,8,NA,NA,NA,0.74242614994191,1515,FALSE,FALSE,NA,NA
"PB2",1542,"G","G",7.33902526732874e-10,0.257700564401264,3.13586244704291e-05,21862,21909,23119,23169,3423,13075,3658,14634,1.37167786844512e-14,404,"PB2_G1542G",41.5250399929,63.0243512264,37.4053723782,"Run_1412",215000,FALSE,"04-05","PLACEBO",NA,NA,NA,NA,NA,NA,8,256,256,NA,NA,NA,0.742299435598736,1515,TRUE,TRUE,NA,NA
"PB2",2237,"A","A",2.88463209933444e-11,0.233153369994595,0.000662179749557856,685,687,1376,1376,87,349,216,956,5.39143260192591e-16,401,"PB2_A2237A",38.5753756665,89.5777993214,37.1386330587,"Run_1412",21700000,FALSE,"04-05","PLACEBO",NA,NA,NA,NA,NA,NA,4,8,8,NA,NA,NA,0.766846630005405,2210,FALSE,FALSE,NA,NA
"PB2",2237,"A","A",2.41351261307526e-09,0.233028502640572,0.000388889017124851,1701,1705,3031,3031,87,349,216,956,4.51090126546662e-14,404,"PB2_A2237A",37.8041367666,88.6787674124,37.2275221612,"Run_1412",215000,FALSE,"04-05","PLACEBO",NA,NA,NA,NA,NA,NA,8,256,256,NA,NA,NA,0.766971497359428,2210,TRUE,TRUE,NA,NA
"PB2",1542,"G","G",1.23981024078071e-05,0.255742203535603,7.16095094959984e-05,7993.5,8004.5,9433.5,9448,3772,14515.5,3987.5,15999.5,2.31722906844481e-10,400,"PB2_G1542G",41.6957864484,63.6012648446,37.34407932105,"2004-2005.Run_1412",13900,TRUE,"04-05","IIV",NA,NA,NA,NA,NA,NA,4096,512,512,NA,NA,NA,0.744257796464397,1515,TRUE,TRUE,NA,NA
"PB2",1662,"T","T",1.48338321947983e-21,0.137655250037066,5.55022600048259e-05,6914.5,8033.5,7363,8659.5,2,14369,2,16468,2.77247162731727e-26,400,"PB2_T1662T",41.44814006995,62.1290822541,37.27841079455,"2004-2005.Run_1412",13900,TRUE,"04-05","IIV",NA,NA,NA,NA,NA,NA,4096,512,512,NA,NA,NA,0.862344749962934,1635,TRUE,TRUE,NA,NA
"PB2",2237,"A","A",2.76003951730533e-10,0.233931135029249,0.000667708627041936,620,623,1328,1328,99.5,378.5,254,1142.5,5.15856668156648e-15,402,"PB2_A2237A",38.2458089288,88.2081880605,37.2238083957,"2004-2005.Run_1412",27300,TRUE,"04-05","LAIV",NA,NA,NA,NA,NA,NA,8,64,64,NA,NA,NA,0.766068864970751,2210,TRUE,TRUE,NA,NA
"PB2",543,"A","A",8.0838760005393e-32,0.0369863658895425,4.17956725338693e-05,11613,12066.5,11464,11920.5,11.5,15232.5,6,13412.5,1.51089189603381e-36,402,"PB2_A543A",41.69253456135,62.5050955492,37.1576596212,"2004-2005.Run_1412",27300,TRUE,"04-05","LAIV",NA,NA,NA,NA,NA,NA,8,64,64,NA,NA,NA,0.963013634110457,516,TRUE,TRUE,NA,NA
"PB2",1542,"G","G",1.01060038928878e-09,0.255999861078739,4.80341122375504e-05,12339.5,12360,13369.5,13391,3772,14515.5,3987.5,15999.5,1.88883146921498e-14,402,"PB2_G1542G",41.8252718829,63.1399168488,37.33158159415,"2004-2005.Run_1412",27300,TRUE,"04-05","LAIV",NA,NA,NA,NA,NA,NA,8,64,64,NA,NA,NA,0.744000138921261,1515,TRUE,TRUE,NA,NA
"PB2",1542,"G","G",4.90630836035894e-07,0.256448630291572,7.52733697785909e-05,7194.5,7207,7705,7723,3772,14515.5,3987.5,15999.5,9.16998422614931e-12,403,"PB2_G1542G",41.7190415812,63.0810498072,37.32505700285,"2004-2005.Run_1412",40500,TRUE,"04-05","LAIV",NA,NA,NA,NA,NA,NA,4,256,256,NA,NA,NA,0.743551369708428,1515,TRUE,TRUE,NA,NA
"PB2",2237,"A","A",1.1042318117156e-05,0.23373633322096,0.00082582542207849,575,577,1087,1087.5,99.5,378.5,254,1142.5,2.06383038971965e-10,406,"PB2_A2237A",36.4668980997,85.0792360496,37.268006482,"2004-2005.Run_1412",27300,TRUE,"04-05","LAIV",NA,NA,NA,NA,NA,NA,8,128,128,NA,NA,NA,0.76626366677904,2210,TRUE,TRUE,NA,NA
"PB2",1542,"G","G",7.65805997459223e-11,0.255947020326009,7.70011709057302e-05,6931,6943.5,7653.5,7663.5,3772,14515.5,3987.5,15999.5,1.4313060658254e-15,406,"PB2_G1542G",41.8082273828,63.0256711383,37.29548027055,"2004-2005.Run_1412",27300,TRUE,"04-05","LAIV",NA,NA,NA,NA,NA,NA,8,128,128,NA,NA,NA,0.744052979673991,1515,TRUE,TRUE,NA,NA
"PB2",2010,"A","A",9.73132754547154e-18,0.0593173985646825,0.00017169164589628,2144.5,2300,5967.5,6345,1.5,4057,2.5,14232.5,1.81880374279895e-22,409,"PB2_A2010A",41.2862039461,68.6370157379,37.29831650295,"2004-2005.Run_1412",2240,TRUE,"04-05","IIV",NA,NA,NA,NA,NA,NA,16,128,128,NA,NA,NA,0.940682601435318,1983,TRUE,TRUE,NA,NA
"PB2",2237,"A","A",1.12701469963478e-06,0.234342430325486,0.00210911000007855,159.5,160.5,526.5,526.5,99.5,378.5,254,1142.5,2.10641204327672e-11,409,"PB2_A2237A",38.65510171025,88.8989334493,37.22937660925,"2004-2005.Run_1412",2240,TRUE,"04-05","IIV",NA,NA,NA,NA,NA,NA,16,128,128,NA,NA,NA,0.765657569674514,2210,TRUE,TRUE,NA,NA
"PB2",1542,"G","G",1.80066809631e-05,0.256120251919977,0.000139458830041878,5528.5,5540.5,6418,6425.5,3772,14515.5,3987.5,15999.5,3.36548313455069e-10,409,"PB2_G1542G",41.86476568595,62.8778327766,37.2702242558,"2004-2005.Run_1412",2240,TRUE,"04-05","IIV",NA,NA,NA,NA,NA,NA,16,128,128,NA,NA,NA,0.743879748080023,1515,TRUE,TRUE,NA,NA
"PB2",1800,"A","G",7.99593820021414e-11,0.216576620536226,1.17833541103199e-05,2039.5,9816,2301,11016.5,2,12672.5,2,15940.5,1.49445615285103e-15,414,"PB2_A1800G",41.6188826266,61.9718503889,37.5369982478,"2004-2005.Run_1412",34700,FALSE,"04-05","PLACEBO",NA,NA,NA,NA,NA,NA,NA,NA,NA,NA,NA,NA,0.216576620536226,1773,NA,NA,NA,NA
"PB2",2237,"A","A",7.59846503106671e-08,0.232894876807074,0.00121344943483688,294,295,996,996,99.5,378.5,254,1142.5,1.42016765682317e-12,414,"PB2_A2237A",39.00843118115,89.6055017734,37.17133667215,"2004-2005.Run_1412",34700,FALSE,"04-05","PLACEBO",NA,NA,NA,NA,NA,NA,NA,NA,NA,NA,NA,NA,0.767105123192926,2210,NA,NA,NA,NA
"PB2",1542,"G","G",0.000420469155160336,0.256262014732656,5.94725330486087e-05,10194,10210.5,10703,10725,3772,14515.5,3987.5,15999.5,7.85864898251227e-09,414,"PB2_G1542G",41.83224283235,62.7828301543,37.33501733005,"2004-2005.Run_1412",34700,FALSE,"04-05","PLACEBO",NA,NA,NA,NA,NA,NA,NA,NA,NA,NA,NA,NA,0.743737985267344,1515,NA,NA,NA,NA
"PB2",2237,"A","A",4.81466200196827e-05,0.234376444156869,0.00685698615183269,89,89,89,89.5,99.5,378.5,254,1142.5,8.9986954283199e-10,426,"PB2_A2237A",40.10072897195,88.5405233645,37.38428037385,"2004-2005.Run_1412",1220,TRUE,"04-05","LAIV",NA,NA,NA,NA,NA,NA,4,64,64,NA,NA,NA,0.765623555843131,2210,TRUE,TRUE,NA,NA
"PB2",1542,"G","G",9.22271843261313e-14,0.255409547511229,0.000556864325569145,1449,1451,1560.5,1563.5,3772,14515.5,3987.5,15999.5,1.72374372619115e-18,426,"PB2_G1542G",41.88811346895,62.8614989928,37.24967363525,"2004-2005.Run_1412",1220,TRUE,"04-05","LAIV",NA,NA,NA,NA,NA,NA,4,64,64,NA,NA,NA,0.744590452488771,1515,TRUE,TRUE,NA,NA
